date,feature_index,NO2
2023-09-30T00:00:00.000Z,0,
2023-10-01T00:00:00.000Z,0,2.5739307501579686E-5
2023-10-15T00:00:00.000Z,0,
2023-10-13T00:00:00.000Z,0,1.8810849724104628E-5
2023-10-17T00:00:00.000Z,0,3.1688892522652165E-5
2023-10-10T00:00:00.000Z,0,3.59137614092712E-5
2023-10-12T00:00:00.000Z,0,1.690669091658492E-5
2023-10-14T00:00:00.000Z,0,1.969882464436523E-5
2023-10-11T00:00:00.000Z,0,2.8972135753844797E-5
2023-10-16T00:00:00.000Z,0,1.814225585121676E-5
2024-01-01T00:00:00.000Z,0,
2024-01-02T00:00:00.000Z,0,7.44911449146457E-5
2023-12-31T00:00:00.000Z,0,2.2195110099906182E-5
2023-12-29T00:00:00.000Z,0,3.848884934996022E-5
2024-01-03T00:00:00.000Z,0,
2024-01-04T00:00:00.000Z,0,
2023-12-30T00:00:00.000Z,0,2.417995178153173E-5
2024-01-05T00:00:00.000Z,0,3.7936736589472275E-5
2024-02-18T00:00:00.000Z,0,
2024-02-17T00:00:00.000Z,0,4.104004013546122E-5
2024-02-22T00:00:00.000Z,0,2.693646848246527E-5
2024-02-15T00:00:00.000Z,0,2.7253956027885175E-5
2024-02-21T00:00:00.000Z,0,4.25413276580481E-5
2024-02-16T00:00:00.000Z,0,3.3120019127506695E-5
2024-02-19T00:00:00.000Z,0,2.185151333833346E-5
2024-02-20T00:00:00.000Z,0,2.475617252457596E-5
2024-02-29T00:00:00.000Z,0,
2024-02-24T00:00:00.000Z,0,
2024-02-27T00:00:00.000Z,0,3.238569843233563E-5
2024-02-28T00:00:00.000Z,0,1.8527381923507035E-5
2024-02-23T00:00:00.000Z,0,
2024-03-01T00:00:00.000Z,0,4.718549098470248E-5
2024-02-25T00:00:00.000Z,0,
2024-02-26T00:00:00.000Z,0,4.753597845831935E-5
2024-06-11T00:00:00.000Z,0,1.4902673683536705E-5
2024-06-08T00:00:00.000Z,0,1.3768394530737115E-5
2024-06-10T00:00:00.000Z,0,
2024-06-12T00:00:00.000Z,0,2.5897022624121746E-5
2024-06-13T00:00:00.000Z,0,3.001482199189403E-5
2024-06-09T00:00:00.000Z,0,
2024-06-06T00:00:00.000Z,0,1.7862331147129723E-5
2024-06-07T00:00:00.000Z,0,3.305345171611407E-5
2023-12-06T00:00:00.000Z,0,4.057165006088326E-5
2023-12-10T00:00:00.000Z,0,
2023-12-11T00:00:00.000Z,0,3.444627263888833E-5
2023-12-09T00:00:00.000Z,0,
2023-12-05T00:00:00.000Z,0,1.8042094744976985E-5
2023-12-08T00:00:00.000Z,0,
2023-12-07T00:00:00.000Z,0,8.360760875802953E-5
2023-12-12T00:00:00.000Z,0,4.6578369074268265E-5
2024-03-15T00:00:00.000Z,0,
2024-03-14T00:00:00.000Z,0,
2024-03-13T00:00:00.000Z,0,
2024-03-17T00:00:00.000Z,0,
2024-03-12T00:00:00.000Z,0,
2024-03-10T00:00:00.000Z,0,
2024-03-16T00:00:00.000Z,0,
2024-03-11T00:00:00.000Z,0,
2025-10-18T00:00:00.000Z,0,1.1225884009036236E-5
2025-10-19T00:00:00.000Z,0,2.4333332196245185E-5
2025-10-22T00:00:00.000Z,0,
2025-10-16T00:00:00.000Z,0,1.390713214277639E-5
2025-10-20T00:00:00.000Z,0,
2025-10-15T00:00:00.000Z,0,2.30966106755659E-5
2025-10-21T00:00:00.000Z,0,
2025-10-17T00:00:00.000Z,0,4.661414095608052E-6
2026-04-06T00:00:00.000Z,0,3.4622291423147544E-5
2026-04-02T00:00:00.000Z,0,1.6451869896627613E-5
2026-04-05T00:00:00.000Z,0,-1.074266492651077E-5
2026-04-04T00:00:00.000Z,0,
2026-04-08T00:00:00.000Z,0,2.3975666817932505E-5
2026-04-01T00:00:00.000Z,0,8.265679753094446E-6
2026-04-03T00:00:00.000Z,0,9.864614412435913E-6
2026-04-07T00:00:00.000Z,0,2.6588998145215508E-5
2023-11-28T00:00:00.000Z,0,
2023-12-01T00:00:00.000Z,0,
2023-12-02T00:00:00.000Z,0,3.0781518944422714E-5
2023-11-30T00:00:00.000Z,0,
2023-11-29T00:00:00.000Z,0,1.7156702597276308E-5
2023-11-27T00:00:00.000Z,0,3.373699352475038E-5
2025-05-29T00:00:00.000Z,0,2.0479398187944753E-5
2025-05-24T00:00:00.000Z,0,2.382782258791849E-5
2025-05-28T00:00:00.000Z,0,3.3701719257805965E-5
2025-05-27T00:00:00.000Z,0,
2025-05-25T00:00:00.000Z,0,1.6711193633714822E-5
2025-05-30T00:00:00.000Z,0,2.8386088963409694E-5
2025-05-26T00:00:00.000Z,0,
2025-05-31T00:00:00.000Z,0,3.025748264917638E-5
2025-07-09T00:00:00.000Z,0,4.325727209106844E-5
2025-07-07T00:00:00.000Z,0,-7.611842011101544E-5
2025-07-05T00:00:00.000Z,0,2.1082973944430705E-5
2025-07-06T00:00:00.000Z,0,
2025-07-08T00:00:00.000Z,0,1.5578427375354902E-5
2025-07-03T00:00:00.000Z,0,
2025-07-10T00:00:00.000Z,0,4.5761334058624924E-5
2025-07-04T00:00:00.000Z,0,
2023-11-11T00:00:00.000Z,0,
2023-11-14T00:00:00.000Z,0,2.1769959857920185E-5
2023-11-16T00:00:00.000Z,0,5.38850961855614E-5
2023-11-17T00:00:00.000Z,0,3.52277175908158E-5
2023-11-18T00:00:00.000Z,0,8.972610390224468E-5
2023-11-15T00:00:00.000Z,0,8.982245259069125E-5
2023-11-12T00:00:00.000Z,0,3.9061298998098616E-5
2023-11-13T00:00:00.000Z,0,3.330242422331745E-5
2024-01-27T00:00:00.000Z,0,2.3111817426979542E-5
2024-01-29T00:00:00.000Z,0,
2024-01-26T00:00:00.000Z,0,1.9303083149679878E-5
2024-01-23T00:00:00.000Z,0,
2024-01-28T00:00:00.000Z,0,
2024-01-22T00:00:00.000Z,0,2.2235892174649052E-5
2024-01-25T00:00:00.000Z,0,3.8873816265549976E-5
2024-01-24T00:00:00.000Z,0,
2026-03-03T00:00:00.000Z,0,2.813124592648819E-5
2026-03-05T00:00:00.000Z,0,2.7085116016678512E-5
2026-03-06T00:00:00.000Z,0,
2026-03-02T00:00:00.000Z,0,
2026-03-01T00:00:00.000Z,0,9.995374603022355E-6
2026-03-04T00:00:00.000Z,0,3.6780299342353826E-5
2026-02-28T00:00:00.000Z,0,3.787359819398262E-5
2026-03-07T00:00:00.000Z,0,
2025-01-29T00:00:00.000Z,0,
2025-01-24T00:00:00.000Z,0,
2025-01-30T00:00:00.000Z,0,
2025-01-25T00:00:00.000Z,0,5.919923728470167E-5
2025-01-26T00:00:00.000Z,0,3.675604239106178E-5
2025-01-27T00:00:00.000Z,0,
2025-01-28T00:00:00.000Z,0,
2025-01-31T00:00:00.000Z,0,
2023-12-03T00:00:00.000Z,0,
2023-12-04T00:00:00.000Z,0,3.835526755816924E-5
2024-04-12T00:00:00.000Z,0,
2024-04-16T00:00:00.000Z,0,1.780088678060565E-5
2024-04-13T00:00:00.000Z,0,
2024-04-11T00:00:00.000Z,0,
2024-04-15T00:00:00.000Z,0,
2024-04-17T00:00:00.000Z,0,
2024-04-14T00:00:00.000Z,0,-4.83082360839641E-6
2024-04-18T00:00:00.000Z,0,2.0995822954941296E-5
2024-06-29T00:00:00.000Z,0,2.0261069994376158E-5
2024-06-25T00:00:00.000Z,0,2.2597080974914468E-5
2024-06-23T00:00:00.000Z,0,1.6208771739911754E-5
2024-06-22T00:00:00.000Z,0,1.67785591656866E-5
2024-06-28T00:00:00.000Z,0,4.893533514405135E-6
2024-06-26T00:00:00.000Z,0,1.4678110548831884E-5
2024-06-27T00:00:00.000Z,0,1.5931066367816777E-5
2024-06-24T00:00:00.000Z,0,
2025-04-06T00:00:00.000Z,0,3.098584218403428E-5
2025-04-11T00:00:00.000Z,0,
2025-04-13T00:00:00.000Z,0,3.2465999538544565E-5
2025-04-10T00:00:00.000Z,0,
2025-04-08T00:00:00.000Z,0,
2025-04-12T00:00:00.000Z,0,
2025-04-09T00:00:00.000Z,0,
2025-04-07T00:00:00.000Z,0,1.157845152969609E-5
2025-12-19T00:00:00.000Z,0,
2025-12-23T00:00:00.000Z,0,3.95674209617677E-5
2025-12-18T00:00:00.000Z,0,
2025-12-25T00:00:00.000Z,0,2.472531179426534E-5
2025-12-21T00:00:00.000Z,0,4.0042221007752234E-5
2025-12-24T00:00:00.000Z,0,2.845059082444225E-5
2025-12-20T00:00:00.000Z,0,
2025-12-22T00:00:00.000Z,0,3.9001838826259377E-5
2026-03-08T00:00:00.000Z,0,2.661300882209616E-5
2026-03-09T00:00:00.000Z,0,5.928136504900811E-5
2026-03-12T00:00:00.000Z,0,3.5944568662671375E-5
2026-03-10T00:00:00.000Z,0,5.842150130774826E-5
2026-03-13T00:00:00.000Z,0,3.652704044025786E-5
2026-03-15T00:00:00.000Z,0,2.788067772598879E-5
2026-03-11T00:00:00.000Z,0,5.543737870539189E-6
2026-03-14T00:00:00.000Z,0,3.3658095617283834E-5
2026-05-02T00:00:00.000Z,0,
2026-04-26T00:00:00.000Z,0,9.624913673178526E-6
2026-04-25T00:00:00.000Z,0,1.1444089641992667E-5
2026-05-01T00:00:00.000Z,0,5.635344417406976E-5
2026-04-27T00:00:00.000Z,0,
2026-04-29T00:00:00.000Z,0,
2026-04-30T00:00:00.000Z,0,
2026-04-28T00:00:00.000Z,0,
2024-01-31T00:00:00.000Z,0,2.236377455725839E-5
2024-02-02T00:00:00.000Z,0,
2024-02-05T00:00:00.000Z,0,
2024-02-01T00:00:00.000Z,0,2.7272046554571717E-5
2024-02-03T00:00:00.000Z,0,
2024-02-04T00:00:00.000Z,0,4.9689341418949574E-5
2024-02-06T00:00:00.000Z,0,3.550419869498E-5
2024-01-30T00:00:00.000Z,0,4.531704234977951E-5
2024-10-11T00:00:00.000Z,0,2.000629228859907E-5
2024-10-07T00:00:00.000Z,0,1.0560172692445727E-5
2024-10-10T00:00:00.000Z,0,2.342733372535421E-5
2024-10-05T00:00:00.000Z,0,4.417742020450533E-5
2024-10-06T00:00:00.000Z,0,8.077196092415306E-6
2024-10-09T00:00:00.000Z,0,-2.826858917615027E-6
2024-10-08T00:00:00.000Z,0,1.2612881647555696E-5
2024-10-04T00:00:00.000Z,0,1.8333865877398887E-5
2025-03-17T00:00:00.000Z,0,
2025-03-16T00:00:00.000Z,0,
2025-03-18T00:00:00.000Z,0,1.5214349938711772E-5
2025-03-20T00:00:00.000Z,0,3.0643391710327705E-5
2025-03-19T00:00:00.000Z,0,
2025-03-13T00:00:00.000Z,0,
2025-03-14T00:00:00.000Z,0,
2025-03-15T00:00:00.000Z,0,
2025-04-23T00:00:00.000Z,0,3.4305035764451274E-5
2025-04-25T00:00:00.000Z,0,
2025-04-27T00:00:00.000Z,0,5.532960640266538E-5
2025-04-24T00:00:00.000Z,0,2.0681674641309655E-5
2025-04-28T00:00:00.000Z,0,2.6120529412310134E-5
2025-04-29T00:00:00.000Z,0,2.8420524358807597E-5
2025-04-22T00:00:00.000Z,0,3.4815935247355476E-5
2025-04-26T00:00:00.000Z,0,5.0554455391158204E-5
2024-05-06T00:00:00.000Z,0,1.9671751101668632E-5
2024-05-08T00:00:00.000Z,0,
2024-05-10T00:00:00.000Z,0,1.4225085730383094E-5
2024-05-07T00:00:00.000Z,0,1.850312406424885E-5
2024-05-11T00:00:00.000Z,0,1.9127027171099838E-5
2024-05-09T00:00:00.000Z,0,3.963438302889699E-5
2024-05-05T00:00:00.000Z,0,3.1961017677011636E-5
2024-05-12T00:00:00.000Z,0,1.1181533255587377E-5
2024-05-29T00:00:00.000Z,0,3.7262580462993354E-6
2024-05-31T00:00:00.000Z,0,1.3485148130598645E-5
2024-06-02T00:00:00.000Z,0,
2024-06-03T00:00:00.000Z,0,2.7858484236276128E-5
2024-06-04T00:00:00.000Z,0,5.155679779515291E-5
2024-06-05T00:00:00.000Z,0,3.179615741828456E-5
2024-05-30T00:00:00.000Z,0,2.0994179408262426E-5
2024-06-01T00:00:00.000Z,0,2.7129286839529716E-5
2024-07-11T00:00:00.000Z,0,2.2399359204428036E-5
2024-07-12T00:00:00.000Z,0,2.4151390198312585E-5
2024-07-08T00:00:00.000Z,0,1.6337933201150598E-5
2024-07-13T00:00:00.000Z,0,2.771793765532493E-5
2024-07-09T00:00:00.000Z,0,2.793720282820037E-5
2024-07-10T00:00:00.000Z,0,2.7778326252051295E-5
2024-07-14T00:00:00.000Z,0,2.796720737023861E-5
2024-07-15T00:00:00.000Z,0,3.5935680443799356E-5
2024-07-25T00:00:00.000Z,0,3.544437347752844E-5
2024-07-27T00:00:00.000Z,0,2.1547178403125144E-5
2024-07-30T00:00:00.000Z,0,2.503120250973249E-5
2024-07-24T00:00:00.000Z,0,3.658558805335289E-5
2024-07-26T00:00:00.000Z,0,1.5621860041535813E-5
2024-07-31T00:00:00.000Z,0,1.9627414698525652E-5
2024-07-29T00:00:00.000Z,0,2.6638361889906393E-5
2024-07-28T00:00:00.000Z,0,2.2652337520412402E-5
2024-08-15T00:00:00.000Z,0,3.260444573243149E-5
2024-08-13T00:00:00.000Z,0,3.116936255133219E-5
2024-08-12T00:00:00.000Z,0,
2024-08-16T00:00:00.000Z,0,2.8890306612083805E-5
2024-08-10T00:00:00.000Z,0,1.9333507944274687E-5
2024-08-11T00:00:00.000Z,0,1.786707272393479E-5
2024-08-09T00:00:00.000Z,0,1.9734237260612037E-5
2024-08-14T00:00:00.000Z,0,1.6494506239188707E-5
2024-12-06T00:00:00.000Z,0,
2024-12-05T00:00:00.000Z,0,
2024-11-29T00:00:00.000Z,0,
2024-12-04T00:00:00.000Z,0,
2024-11-30T00:00:00.000Z,0,
2024-12-01T00:00:00.000Z,0,
2024-12-03T00:00:00.000Z,0,3.1644016689824636E-5
2024-12-02T00:00:00.000Z,0,
2024-12-28T00:00:00.000Z,0,
2024-12-27T00:00:00.000Z,0,2.1510915757971816E-5
2024-12-24T00:00:00.000Z,0,
2024-12-25T00:00:00.000Z,0,
2024-12-29T00:00:00.000Z,0,2.2938803249417104E-5
2024-12-30T00:00:00.000Z,0,1.3427309795588371E-5
2024-12-26T00:00:00.000Z,0,4.242417005364339E-5
2024-12-23T00:00:00.000Z,0,3.326378910060157E-5
2024-05-24T00:00:00.000Z,0,3.1135616154642776E-5
2024-05-28T00:00:00.000Z,0,
2024-05-21T00:00:00.000Z,0,1.1379908556818918E-5
2024-05-25T00:00:00.000Z,0,1.5632666808025014E-5
2024-05-27T00:00:00.000Z,0,1.4836276022833772E-5
2024-05-23T00:00:00.000Z,0,1.977622105187038E-5
2024-05-22T00:00:00.000Z,0,3.2391759305028245E-5
2024-05-26T00:00:00.000Z,0,1.6357768067286492E-5
2026-01-23T00:00:00.000Z,0,
2026-01-25T00:00:00.000Z,0,1.2709368645248884E-5
2026-01-19T00:00:00.000Z,0,3.121359686196633E-5
2026-01-21T00:00:00.000Z,0,
2026-01-22T00:00:00.000Z,0,
2026-01-26T00:00:00.000Z,0,3.0395136491279118E-5
2026-01-20T00:00:00.000Z,0,
2026-01-24T00:00:00.000Z,0,1.26634755278329E-5
2026-02-14T00:00:00.000Z,0,4.7942937271727715E-5
2026-02-13T00:00:00.000Z,0,
2026-02-16T00:00:00.000Z,0,3.342460058775032E-5
2026-02-19T00:00:00.000Z,0,
2026-02-18T00:00:00.000Z,0,
2026-02-15T00:00:00.000Z,0,3.081256656716707E-5
2026-02-12T00:00:00.000Z,0,
2026-02-17T00:00:00.000Z,0,
2024-10-21T00:00:00.000Z,0,
2024-10-20T00:00:00.000Z,0,
2024-10-23T00:00:00.000Z,0,2.3462944591301492E-5
2024-10-25T00:00:00.000Z,0,5.8173889960421045E-5
2024-10-26T00:00:00.000Z,0,2.7847734327224315E-5
2024-10-24T00:00:00.000Z,0,6.310079625109211E-5
2024-10-27T00:00:00.000Z,0,3.153547877445817E-5
2024-10-22T00:00:00.000Z,0,7.611084826445828E-5
2024-11-18T00:00:00.000Z,0,
2024-11-19T00:00:00.000Z,0,
2024-11-16T00:00:00.000Z,0,
2024-11-14T00:00:00.000Z,0,
2024-11-20T00:00:00.000Z,0,
2024-11-15T00:00:00.000Z,0,2.1908937664453072E-5
2024-11-13T00:00:00.000Z,0,
2024-11-17T00:00:00.000Z,0,
2024-12-12T00:00:00.000Z,0,
2024-12-09T00:00:00.000Z,0,
2024-12-13T00:00:00.000Z,0,3.0452866485575215E-5
2024-12-08T00:00:00.000Z,0,
2024-12-14T00:00:00.000Z,0,
2024-12-10T00:00:00.000Z,0,7.234552716302763E-6
2024-12-07T00:00:00.000Z,0,
2024-12-11T00:00:00.000Z,0,
2026-03-19T00:00:00.000Z,0,
2026-03-16T00:00:00.000Z,0,3.8764464149538144E-5
2026-03-21T00:00:00.000Z,0,
2026-03-22T00:00:00.000Z,0,
2026-03-23T00:00:00.000Z,0,5.469396128319204E-5
2026-03-20T00:00:00.000Z,0,
2026-03-17T00:00:00.000Z,0,3.4113016226910986E-5
2026-03-18T00:00:00.000Z,0,5.659238983450147E-5
2025-01-13T00:00:00.000Z,0,
2025-01-08T00:00:00.000Z,0,2.088604378513992E-5
2025-01-10T00:00:00.000Z,0,
2025-01-09T00:00:00.000Z,0,2.936662367574172E-5
2025-01-15T00:00:00.000Z,0,
2025-01-11T00:00:00.000Z,0,4.1979683828685666E-5
2025-01-14T00:00:00.000Z,0,3.2706924685044214E-5
2025-01-12T00:00:00.000Z,0,
2025-02-26T00:00:00.000Z,0,
2025-03-02T00:00:00.000Z,0,3.693163671414368E-5
2025-03-04T00:00:00.000Z,0,3.062394034714089E-5
2025-02-25T00:00:00.000Z,0,2.3835077763578737E-5
2025-03-03T00:00:00.000Z,0,2.7935721542841446E-5
2025-02-27T00:00:00.000Z,0,
2025-02-28T00:00:00.000Z,0,5.987339827697724E-5
2025-03-01T00:00:00.000Z,0,4.18717323555029E-5
2025-04-20T00:00:00.000Z,0,
2025-04-14T00:00:00.000Z,0,
2025-04-19T00:00:00.000Z,0,1.1150191494380124E-4
2025-04-15T00:00:00.000Z,0,
2025-04-18T00:00:00.000Z,0,1.1642381044415137E-5
2025-04-16T00:00:00.000Z,0,
2025-04-17T00:00:00.000Z,0,1.5823549252521236E-5
2025-04-21T00:00:00.000Z,0,
2025-09-03T00:00:00.000Z,0,1.4004523668868038E-5
2025-09-04T00:00:00.000Z,0,1.4562385166010989E-5
2025-09-02T00:00:00.000Z,0,5.160903413070628E-6
2025-08-29T00:00:00.000Z,0,2.7991352860561547E-5
2025-08-30T00:00:00.000Z,0,1.672562129897415E-5
2025-08-28T00:00:00.000Z,0,2.0358464755392764E-5
2025-08-31T00:00:00.000Z,0,5.189678107014445E-6
2025-09-01T00:00:00.000Z,0,1.5132296448427951E-5
2026-01-01T00:00:00.000Z,0,3.712594298121985E-5
2025-12-29T00:00:00.000Z,0,3.264811107328569E-5
2026-01-02T00:00:00.000Z,0,
2025-12-28T00:00:00.000Z,0,4.349006404582825E-5
2025-12-30T00:00:00.000Z,0,
2025-12-31T00:00:00.000Z,0,
2025-12-26T00:00:00.000Z,0,
2025-12-27T00:00:00.000Z,0,
2026-04-21T00:00:00.000Z,0,
2026-04-20T00:00:00.000Z,0,2.871618963666833E-5
2026-04-19T00:00:00.000Z,0,3.8516764107043855E-5
2026-04-22T00:00:00.000Z,0,
2026-04-18T00:00:00.000Z,0,3.155340542243242E-5
2026-04-17T00:00:00.000Z,0,1.3726525038590706E-5
2026-04-24T00:00:00.000Z,0,9.767231858859304E-6
2026-04-23T00:00:00.000Z,0,2.944273001048714E-5
2026-05-29T00:00:00.000Z,0,5.0836749627099685E-5
2026-05-30T00:00:00.000Z,0,
2026-05-28T00:00:00.000Z,0,4.4693527979688954E-5
2026-05-27T00:00:00.000Z,0,3.39751847301765E-5
2026-05-31T00:00:00.000Z,0,2.525855896035662E-5
2024-05-18T00:00:00.000Z,0,9.866395823172008E-6
2024-05-16T00:00:00.000Z,0,1.6435387578894733E-5
2024-05-19T00:00:00.000Z,0,1.4657802359196418E-5
2024-05-17T00:00:00.000Z,0,1.3211747136665508E-5
2024-05-14T00:00:00.000Z,0,1.4133272088656668E-5
2024-05-13T00:00:00.000Z,0,
2024-05-15T00:00:00.000Z,0,1.6756040622567525E-5
2024-05-20T00:00:00.000Z,0,1.708595709715155E-5
2024-07-02T00:00:00.000Z,0,
2024-07-01T00:00:00.000Z,0,4.65227167296689E-5
2024-07-06T00:00:00.000Z,0,1.6526928448001854E-6
2024-07-03T00:00:00.000Z,0,
2024-07-07T00:00:00.000Z,0,1.5738753467707687E-5
2024-07-05T00:00:00.000Z,0,1.0485450729902368E-5
2024-06-30T00:00:00.000Z,0,3.627972837421112E-5
2024-07-04T00:00:00.000Z,0,
2024-07-22T00:00:00.000Z,0,2.2586843215322006E-5
2024-07-20T00:00:00.000Z,0,1.871624583425448E-5
2024-07-23T00:00:00.000Z,0,2.1942632315585797E-5
2024-07-19T00:00:00.000Z,0,2.886910403958609E-5
2024-07-18T00:00:00.000Z,0,1.4856851208833177E-5
2024-07-17T00:00:00.000Z,0,1.3694933123157457E-5
2024-07-21T00:00:00.000Z,0,2.9756310641460005E-5
2024-07-16T00:00:00.000Z,0,2.9598056648359892E-5
2024-09-03T00:00:00.000Z,0,2.3756810278996454E-6
2024-09-05T00:00:00.000Z,0,2.025573020318916E-5
2024-09-02T00:00:00.000Z,0,2.2397286873143685E-5
2024-09-06T00:00:00.000Z,0,2.085402154534677E-5
2024-09-04T00:00:00.000Z,0,2.7788510124082677E-5
2024-09-08T00:00:00.000Z,0,
2024-09-07T00:00:00.000Z,0,1.4445844715282875E-5
2024-09-09T00:00:00.000Z,0,9.410356028638489E-6
2025-05-21T00:00:00.000Z,0,1.3906643289374188E-5
2025-05-23T00:00:00.000Z,0,
2025-05-16T00:00:00.000Z,0,
2025-05-18T00:00:00.000Z,0,
2025-05-22T00:00:00.000Z,0,
2025-05-19T00:00:00.000Z,0,
2025-05-20T00:00:00.000Z,0,2.66829247266287E-5
2025-05-17T00:00:00.000Z,0,3.095903593930416E-5
2025-06-15T00:00:00.000Z,0,6.966687881989249E-6
2025-06-14T00:00:00.000Z,0,
2025-06-13T00:00:00.000Z,0,
2025-06-10T00:00:00.000Z,0,1.1152078513987362E-5
2025-06-09T00:00:00.000Z,0,
2025-06-16T00:00:00.000Z,0,1.867551704240863E-5
2025-06-11T00:00:00.000Z,0,1.140915424002742E-5
2025-06-12T00:00:00.000Z,0,1.0658792263029682E-5
2025-07-12T00:00:00.000Z,0,
2025-07-14T00:00:00.000Z,0,4.697547420720285E-5
2025-07-15T00:00:00.000Z,0,3.779397896626809E-5
2025-07-17T00:00:00.000Z,0,3.1117403204916626E-5
2025-07-11T00:00:00.000Z,0,2.20514457396348E-5
2025-07-18T00:00:00.000Z,0,3.529010018610279E-5
2025-07-16T00:00:00.000Z,0,3.2046196474766474E-5
2025-07-13T00:00:00.000Z,0,-6.986317657720065E-7
2024-08-03T00:00:00.000Z,0,1.622484768105144E-5
2024-08-04T00:00:00.000Z,0,2.1654710394614085E-5
2024-08-06T00:00:00.000Z,0,2.9786055984004632E-5
2024-08-05T00:00:00.000Z,0,3.149964240545909E-5
2024-08-02T00:00:00.000Z,0,3.712068443443665E-6
2024-08-08T00:00:00.000Z,0,2.0196416613771362E-5
2024-08-07T00:00:00.000Z,0,4.0864058973966166E-5
2024-08-01T00:00:00.000Z,0,
2024-08-20T00:00:00.000Z,0,2.6629256407271468E-5
2024-08-22T00:00:00.000Z,0,6.0929446590307634E-5
2024-08-24T00:00:00.000Z,0,2.1192974236328156E-5
2024-08-18T00:00:00.000Z,0,2.63699433844522E-5
2024-08-21T00:00:00.000Z,0,2.1518650380760217E-5
2024-08-23T00:00:00.000Z,0,2.4210022688335315E-5
2024-08-17T00:00:00.000Z,0,1.7393861362791085E-5
2024-08-19T00:00:00.000Z,0,3.76471515664889E-5
2024-09-27T00:00:00.000Z,0,4.719424032373354E-5
2024-09-29T00:00:00.000Z,0,2.4282222693727817E-5
2024-10-02T00:00:00.000Z,0,2.479724571458064E-5
2024-09-26T00:00:00.000Z,0,7.003581898364548E-5
2024-09-28T00:00:00.000Z,0,1.0494932630373504E-5
2024-10-03T00:00:00.000Z,0,4.13616762671154E-5
2024-09-30T00:00:00.000Z,0,2.62261582975043E-5
2024-10-01T00:00:00.000Z,0,3.110856384106834E-5
2025-03-08T00:00:00.000Z,0,
2025-03-12T00:00:00.000Z,0,1.2308795578519494E-5
2025-03-05T00:00:00.000Z,0,9.039995620696573E-6
2025-03-11T00:00:00.000Z,0,1.743399839142512E-5
2025-03-06T00:00:00.000Z,0,
2025-03-07T00:00:00.000Z,0,
2025-03-10T00:00:00.000Z,0,
2025-03-09T00:00:00.000Z,0,
2026-01-03T00:00:00.000Z,0,3.124949853372527E-5
2026-01-04T00:00:00.000Z,0,
2026-01-06T00:00:00.000Z,0,
2026-01-10T00:00:00.000Z,0,
2026-01-07T00:00:00.000Z,0,
2026-01-08T00:00:00.000Z,0,5.730287357437191E-5
2026-01-05T00:00:00.000Z,0,
2026-01-09T00:00:00.000Z,0,5.6741133448667824E-5
2026-02-04T00:00:00.000Z,0,3.264507560945478E-5
2026-02-05T00:00:00.000Z,0,
2026-02-11T00:00:00.000Z,0,
2026-02-06T00:00:00.000Z,0,3.0488665692650506E-5
2026-02-09T00:00:00.000Z,0,
2026-02-07T00:00:00.000Z,0,
2026-02-08T00:00:00.000Z,0,3.277007696548632E-5
2026-02-10T00:00:00.000Z,0,
2026-04-16T00:00:00.000Z,0,1.58737962515766E-5
2026-04-13T00:00:00.000Z,0,1.9634453565231524E-5
2026-04-15T00:00:00.000Z,0,2.7571262429167594E-5
2026-04-12T00:00:00.000Z,0,
2026-04-10T00:00:00.000Z,0,
2026-04-11T00:00:00.000Z,0,
2026-04-09T00:00:00.000Z,0,5.882202822249383E-5
2026-04-14T00:00:00.000Z,0,-2.9140828701201826E-6
2026-05-21T00:00:00.000Z,0,
2026-05-19T00:00:00.000Z,0,2.7853214987771935E-5
2026-05-23T00:00:00.000Z,0,3.5142640854246565E-5
2026-05-25T00:00:00.000Z,0,4.780958352057496E-5
2026-05-26T00:00:00.000Z,0,7.415774664629929E-5
2026-05-20T00:00:00.000Z,0,4.505493820437955E-5
2026-05-22T00:00:00.000Z,0,4.352586741636818E-5
2026-05-24T00:00:00.000Z,0,3.0161135631108966E-5
2023-11-03T00:00:00.000Z,0,
2023-11-05T00:00:00.000Z,0,2.405262903266703E-5
2023-11-09T00:00:00.000Z,0,6.0071862935728856E-5
2023-11-10T00:00:00.000Z,0,4.0474078155562486E-5
2023-11-08T00:00:00.000Z,0,5.6489392031485644E-5
2023-11-07T00:00:00.000Z,0,7.65321048675105E-5
2023-11-04T00:00:00.000Z,0,
2023-11-06T00:00:00.000Z,0,4.504766950828655E-5
2025-10-11T00:00:00.000Z,0,6.1764071688230615E-6
2025-10-12T00:00:00.000Z,0,
2025-10-14T00:00:00.000Z,0,2.29698188832117E-5
2025-10-09T00:00:00.000Z,0,2.9109205388522242E-5
2025-10-13T00:00:00.000Z,0,
2025-10-10T00:00:00.000Z,0,2.9029193013373418E-5
2025-10-07T00:00:00.000Z,0,2.9757467814306438E-5
2025-10-08T00:00:00.000Z,0,4.526785933194333E-5
2025-11-20T00:00:00.000Z,0,4.811575126950629E-5
2025-11-19T00:00:00.000Z,0,4.668547747617898E-5
2025-11-17T00:00:00.000Z,0,
2025-11-22T00:00:00.000Z,0,6.227558333193883E-5
2025-11-23T00:00:00.000Z,0,2.4367379000977963E-5
2025-11-18T00:00:00.000Z,0,4.236093482177239E-5
2025-11-21T00:00:00.000Z,0,2.5516034687219264E-5
2025-11-16T00:00:00.000Z,0,
2024-10-12T00:00:00.000Z,0,1.4502048725262284E-5
2024-10-15T00:00:00.000Z,0,3.3697237930547476E-5
2024-10-16T00:00:00.000Z,0,2.892921766033396E-5
2024-10-19T00:00:00.000Z,0,5.15546742008155E-6
2024-10-14T00:00:00.000Z,0,3.273906482858225E-5
2024-10-17T00:00:00.000Z,0,5.8900015756080395E-5
2024-10-18T00:00:00.000Z,0,3.0349576991284267E-5
2024-10-13T00:00:00.000Z,0,3.891100921184541E-5
2025-08-11T00:00:00.000Z,0,1.6242269157373813E-5
2025-08-09T00:00:00.000Z,0,1.6535518982310452E-5
2025-08-10T00:00:00.000Z,0,1.9733917759787382E-5
2025-08-04T00:00:00.000Z,0,3.9463939174311236E-5
2025-08-07T00:00:00.000Z,0,1.5219687976956006E-5
2025-08-08T00:00:00.000Z,0,1.6870097852006438E-5
2025-08-05T00:00:00.000Z,0,
2025-08-06T00:00:00.000Z,0,2.744799722146733E-5
2023-12-17T00:00:00.000Z,0,4.881150634901132E-5
2023-12-19T00:00:00.000Z,0,6.547237614995538E-5
2023-12-15T00:00:00.000Z,0,
2023-12-16T00:00:00.000Z,0,4.162290705218246E-5
2023-12-14T00:00:00.000Z,0,1.8503080355003476E-4
2023-12-20T00:00:00.000Z,0,1.0244239712164926E-4
2023-12-18T00:00:00.000Z,0,1.3098657624747526E-4
2023-12-13T00:00:00.000Z,0,4.895199091541664E-5
2024-03-19T00:00:00.000Z,0,2.5045701681847278E-5
2024-03-24T00:00:00.000Z,0,4.953416282660328E-5
2024-03-21T00:00:00.000Z,0,1.762709655395156E-5
2024-03-18T00:00:00.000Z,0,2.918453953628029E-5
2024-03-23T00:00:00.000Z,0,
2024-03-25T00:00:00.000Z,0,
2024-03-22T00:00:00.000Z,0,4.797104754418667E-5
2024-03-20T00:00:00.000Z,0,2.9368858361665746E-5
2025-09-25T00:00:00.000Z,0,1.3876402850395867E-5
2025-09-27T00:00:00.000Z,0,1.310547239492215E-5
2025-09-23T00:00:00.000Z,0,4.824651496922646E-5
2025-09-24T00:00:00.000Z,0,4.0111655471264386E-5
2025-09-21T00:00:00.000Z,0,9.771125405677594E-6
2025-09-22T00:00:00.000Z,0,2.3179968866315904E-5
2025-09-28T00:00:00.000Z,0,1.0714607431812814E-5
2025-09-26T00:00:00.000Z,0,1.3016879850774307E-5
2026-05-08T00:00:00.000Z,0,1.7459258287999546E-5
2026-05-06T00:00:00.000Z,0,2.5692370804285423E-5
2026-05-10T00:00:00.000Z,0,1.656574890644565E-5
2026-05-03T00:00:00.000Z,0,
2026-05-07T00:00:00.000Z,0,1.3268657482967683E-5
2026-05-09T00:00:00.000Z,0,4.866162271355279E-5
2026-05-04T00:00:00.000Z,0,2.6596146300208704E-5
2026-05-05T00:00:00.000Z,0,1.6427320147283098E-5
2023-10-25T00:00:00.000Z,0,2.9863109602956683E-5
2023-10-23T00:00:00.000Z,0,
2023-10-24T00:00:00.000Z,0,3.130566341603887E-5
2023-10-22T00:00:00.000Z,0,2.8334917365450216E-5
2023-10-21T00:00:00.000Z,0,2.6650425538451492E-5
2023-10-19T00:00:00.000Z,0,2.7215330737817568E-5
2023-10-20T00:00:00.000Z,0,2.094364172080532E-5
2023-10-18T00:00:00.000Z,0,2.4902129689508E-5
2024-02-10T00:00:00.000Z,0,
2024-02-09T00:00:00.000Z,0,2.283987578266533E-5
2024-02-14T00:00:00.000Z,0,
2024-02-07T00:00:00.000Z,0,
2024-02-11T00:00:00.000Z,0,
2024-02-08T00:00:00.000Z,0,3.650826283774222E-5
2024-02-13T00:00:00.000Z,0,4.3967346209683454E-5
2024-02-12T00:00:00.000Z,0,2.6203365860055782E-5
2024-08-26T00:00:00.000Z,0,1.908013545241709E-5
2024-08-31T00:00:00.000Z,0,3.1221473341247476E-5
2024-08-28T00:00:00.000Z,0,
2024-08-25T00:00:00.000Z,0,1.2379605973617598E-5
2024-08-27T00:00:00.000Z,0,2.4884385220502735E-5
2024-08-29T00:00:00.000Z,0,2.8147574448667E-5
2024-08-30T00:00:00.000Z,0,2.4739145442254084E-5
2024-09-01T00:00:00.000Z,0,2.023450654178305E-5
2024-11-06T00:00:00.000Z,0,
2024-11-09T00:00:00.000Z,0,2.3829103156458586E-5
2024-11-05T00:00:00.000Z,0,1.2976635237767672E-5
2024-11-10T00:00:00.000Z,0,
2024-11-07T00:00:00.000Z,0,5.774726547055512E-5
2024-11-12T00:00:00.000Z,0,
2024-11-11T00:00:00.000Z,0,3.242338425479829E-5
2024-11-08T00:00:00.000Z,0,
2024-05-04T00:00:00.000Z,0,2.8434839684147543E-5
2024-04-29T00:00:00.000Z,0,3.545611980371177E-5
2024-04-27T00:00:00.000Z,0,3.0716313631273806E-5
2024-04-30T00:00:00.000Z,0,1.5526278048128006E-5
2024-05-01T00:00:00.000Z,0,1.711745926513686E-5
2024-04-28T00:00:00.000Z,0,1.1551197853047293E-5
2024-05-02T00:00:00.000Z,0,4.0912963231676255E-5
2024-05-03T00:00:00.000Z,0,3.983198087098572E-5
2025-01-04T00:00:00.000Z,0,
2025-01-02T00:00:00.000Z,0,
2025-01-06T00:00:00.000Z,0,3.1165287873591295E-5
2025-01-01T00:00:00.000Z,0,
2025-01-03T00:00:00.000Z,0,3.8696707915164555E-5
2025-01-07T00:00:00.000Z,0,3.001470859942401E-5
2024-12-31T00:00:00.000Z,0,
2025-01-05T00:00:00.000Z,0,
2025-11-30T00:00:00.000Z,0,
2025-11-26T00:00:00.000Z,0,4.7292230919993014E-5
2025-11-25T00:00:00.000Z,0,4.705267165263649E-5
2025-11-28T00:00:00.000Z,0,
2025-11-29T00:00:00.000Z,0,
2025-12-01T00:00:00.000Z,0,4.421389530762099E-5
2025-11-27T00:00:00.000Z,0,
2025-11-24T00:00:00.000Z,0,
2025-08-16T00:00:00.000Z,0,1.1208711352342757E-5
2025-08-13T00:00:00.000Z,0,1.7213467572219088E-5
2025-08-19T00:00:00.000Z,0,
2025-08-12T00:00:00.000Z,0,1.8490126097146587E-5
2025-08-17T00:00:00.000Z,0,2.2873418146218683E-6
2025-08-15T00:00:00.000Z,0,1.8233556409086306E-5
2025-08-18T00:00:00.000Z,0,
2025-08-14T00:00:00.000Z,0,2.9054439437459223E-5
2023-11-22T00:00:00.000Z,0,2.032177629492556E-5
2023-11-25T00:00:00.000Z,0,
2023-11-24T00:00:00.000Z,0,
2023-11-21T00:00:00.000Z,0,1.562734826165979E-5
2023-11-19T00:00:00.000Z,0,2.9487578467524143E-5
2023-11-23T00:00:00.000Z,0,
2023-11-20T00:00:00.000Z,0,2.714697334340599E-5
2023-11-26T00:00:00.000Z,0,3.2428505164716626E-5
2024-09-11T00:00:00.000Z,0,3.4666196552279874E-5
2024-09-15T00:00:00.000Z,0,2.407163343117905E-5
2024-09-12T00:00:00.000Z,0,2.441753363200405E-5
2024-09-13T00:00:00.000Z,0,1.5694972199753464E-5
2024-09-10T00:00:00.000Z,0,
2024-09-17T00:00:00.000Z,0,2.7513230323070036E-5
2024-09-14T00:00:00.000Z,0,2.7915247574128444E-5
2024-09-16T00:00:00.000Z,0,3.971035318196907E-5
2024-11-01T00:00:00.000Z,0,
2024-10-31T00:00:00.000Z,0,3.1636863695894135E-5
2024-10-29T00:00:00.000Z,0,2.0809399795022426E-5
2024-11-03T00:00:00.000Z,0,
2024-10-28T00:00:00.000Z,0,4.1174007875317907E-5
2024-11-02T00:00:00.000Z,0,1.3083497025588389E-5
2024-10-30T00:00:00.000Z,0,
2024-11-04T00:00:00.000Z,0,
2025-09-08T00:00:00.000Z,0,2.3059267112495778E-5
2025-09-10T00:00:00.000Z,0,
2025-09-12T00:00:00.000Z,0,2.5498972445348044E-5
2025-09-11T00:00:00.000Z,0,2.2054818032302137E-5
2025-09-06T00:00:00.000Z,0,3.956263169943428E-5
2025-09-07T00:00:00.000Z,0,1.911389535962371E-5
2025-09-09T00:00:00.000Z,0,4.010863146201397E-5
2025-09-05T00:00:00.000Z,0,1.8434319220735535E-5
2024-11-22T00:00:00.000Z,0,
2024-11-23T00:00:00.000Z,0,
2024-11-27T00:00:00.000Z,0,
2024-11-21T00:00:00.000Z,0,
2024-11-28T00:00:00.000Z,0,
2024-11-25T00:00:00.000Z,0,
2024-11-26T00:00:00.000Z,0,
2024-11-24T00:00:00.000Z,0,
2024-12-20T00:00:00.000Z,0,
2024-12-19T00:00:00.000Z,0,3.090682321271743E-5
2024-12-22T00:00:00.000Z,0,
2024-12-15T00:00:00.000Z,0,
2024-12-18T00:00:00.000Z,0,3.3010086553986184E-5
2024-12-17T00:00:00.000Z,0,
2024-12-21T00:00:00.000Z,0,
2024-12-16T00:00:00.000Z,0,
2025-01-17T00:00:00.000Z,0,
2025-01-21T00:00:00.000Z,0,
2025-01-18T00:00:00.000Z,0,3.1200651522210266E-5
2025-01-23T00:00:00.000Z,0,
2025-01-22T00:00:00.000Z,0,2.628369141651395E-5
2025-01-20T00:00:00.000Z,0,
2025-01-19T00:00:00.000Z,0,
2025-01-16T00:00:00.000Z,0,
2025-02-17T00:00:00.000Z,0,
2025-02-20T00:00:00.000Z,0,
2025-02-21T00:00:00.000Z,0,2.8882753213110846E-5
2025-02-24T00:00:00.000Z,0,
2025-02-22T00:00:00.000Z,0,
2025-02-18T00:00:00.000Z,0,
2025-02-19T00:00:00.000Z,0,2.8528905984005958E-5
2025-02-23T00:00:00.000Z,0,
2024-01-16T00:00:00.000Z,0,8.129841535264859E-5
2024-01-21T00:00:00.000Z,0,1.3262043353279296E-5
2024-01-19T00:00:00.000Z,0,
2024-01-18T00:00:00.000Z,0,
2024-01-14T00:00:00.000Z,0,5.7915505914768964E-5
2024-01-17T00:00:00.000Z,0,
2024-01-15T00:00:00.000Z,0,
2024-01-20T00:00:00.000Z,0,
2025-04-02T00:00:00.000Z,0,2.311509433639003E-5
2025-03-30T00:00:00.000Z,0,
2025-04-05T00:00:00.000Z,0,
2025-03-29T00:00:00.000Z,0,
2025-04-04T00:00:00.000Z,0,2.014904202951584E-5
2025-03-31T00:00:00.000Z,0,
2025-04-01T00:00:00.000Z,0,2.9940471176814753E-5
2025-04-03T00:00:00.000Z,0,4.4035718019586056E-5
2024-04-01T00:00:00.000Z,0,
2024-04-02T00:00:00.000Z,0,6.648134876741096E-5
2024-03-28T00:00:00.000Z,0,3.771395119353353E-5
2024-03-30T00:00:00.000Z,0,1.3393004053341429E-5
2024-03-27T00:00:00.000Z,0,3.776097182708327E-5
2024-03-26T00:00:00.000Z,0,1.9619448266894324E-5
2024-03-29T00:00:00.000Z,0,2.5640346696794342E-5
2024-03-31T00:00:00.000Z,0,1.0791412137223233E-5
2025-07-26T00:00:00.000Z,0,1.78426767433848E-5
2025-07-19T00:00:00.000Z,0,4.5100283841748023E-5
2025-07-21T00:00:00.000Z,0,1.903268134810787E-5
2025-07-25T00:00:00.000Z,0,1.252002706072138E-5
2025-07-22T00:00:00.000Z,0,2.014363209923431E-5
2025-07-24T00:00:00.000Z,0,2.1484538592630997E-5
2025-07-20T00:00:00.000Z,0,2.444348165226984E-5
2025-07-23T00:00:00.000Z,0,1.8426504084345652E-5
2025-07-29T00:00:00.000Z,0,2.317470898560714E-5
2025-08-02T00:00:00.000Z,0,2.4824626598274337E-5
2025-07-31T00:00:00.000Z,0,1.8521332923412564E-5
2025-07-28T00:00:00.000Z,0,1.8780689641870493E-5
2025-08-01T00:00:00.000Z,0,1.3944385614195198E-5
2025-07-30T00:00:00.000Z,0,1.3527187978692573E-5
2025-08-03T00:00:00.000Z,0,8.867413549119698E-6
2025-07-27T00:00:00.000Z,0,2.254234937026922E-5
2025-08-25T00:00:00.000Z,0,1.8699019210544066E-5
2025-08-26T00:00:00.000Z,0,3.8702750589436616E-5
2025-08-20T00:00:00.000Z,0,1.7034909569701993E-5
2025-08-27T00:00:00.000Z,0,4.577036042974214E-5
2025-08-21T00:00:00.000Z,0,
2025-08-24T00:00:00.000Z,0,1.901182462174084E-5
2025-08-23T00:00:00.000Z,0,9.05853498393712E-6
2025-08-22T00:00:00.000Z,0,2.9557152667318103E-5
2025-12-04T00:00:00.000Z,0,
2025-12-05T00:00:00.000Z,0,2.521358615013014E-5
2025-12-02T00:00:00.000Z,0,1.3546292393584736E-5
2025-12-06T00:00:00.000Z,0,
2025-12-09T00:00:00.000Z,0,
2025-12-08T00:00:00.000Z,0,
2025-12-03T00:00:00.000Z,0,2.949897175312799E-5
2025-12-07T00:00:00.000Z,0,5.5946680731722154E-5
2026-02-03T00:00:00.000Z,0,2.7922621666220947E-5
2026-02-01T00:00:00.000Z,0,2.9025541932371978E-5
2026-01-31T00:00:00.000Z,0,3.644153202913003E-5
2026-01-28T00:00:00.000Z,0,
2026-01-29T00:00:00.000Z,0,2.0124509319430217E-5
2026-02-02T00:00:00.000Z,0,1.8236226014778368E-5
2026-01-27T00:00:00.000Z,0,
2026-01-30T00:00:00.000Z,0,2.172977614323967E-5
2026-02-25T00:00:00.000Z,0,
2026-02-23T00:00:00.000Z,0,
2026-02-24T00:00:00.000Z,0,
2026-02-26T00:00:00.000Z,0,
2026-02-22T00:00:00.000Z,0,
2026-02-21T00:00:00.000Z,0,
2026-02-20T00:00:00.000Z,0,1.7884987149348792E-5
2026-02-27T00:00:00.000Z,0,3.348377352570727E-5
2026-03-26T00:00:00.000Z,0,
2026-03-30T00:00:00.000Z,0,
2026-03-24T00:00:00.000Z,0,4.06203284910589E-5
2026-03-31T00:00:00.000Z,0,
2026-03-28T00:00:00.000Z,0,
2026-03-27T00:00:00.000Z,0,2.495782849253278E-5
2026-03-25T00:00:00.000Z,0,3.4534847145550884E-5
2026-03-29T00:00:00.000Z,0,3.661559491196055E-5
2026-05-15T00:00:00.000Z,0,2.672334153430711E-5
2026-05-17T00:00:00.000Z,0,3.644333871003861E-5
2026-05-11T00:00:00.000Z,0,1.0231256692350143E-5
2026-05-16T00:00:00.000Z,0,2.2121111214801203E-5
2026-05-18T00:00:00.000Z,0,3.186641583852179E-5
2026-05-12T00:00:00.000Z,0,2.445680911478121E-5
2026-05-14T00:00:00.000Z,0,2.0120686258451315E-5
2026-05-13T00:00:00.000Z,0,2.0750551660360845E-5
2025-09-30T00:00:00.000Z,0,
2025-10-01T00:00:00.000Z,0,
2025-10-02T00:00:00.000Z,0,2.4682843729806336E-5
2025-10-06T00:00:00.000Z,0,1.8170380826632027E-5
2025-10-04T00:00:00.000Z,0,3.102760238107294E-5
2025-10-03T00:00:00.000Z,0,4.430824137671152E-5
2025-10-05T00:00:00.000Z,0,8.108354259128703E-6
2025-09-29T00:00:00.000Z,0,2.5320989758862805E-5
2025-02-11T00:00:00.000Z,0,
2025-02-12T00:00:00.000Z,0,5.6253056625012376E-5
2025-02-13T00:00:00.000Z,0,3.339742130158222E-5
2025-02-10T00:00:00.000Z,0,
2025-02-14T00:00:00.000Z,0,1.8345535257443164E-5
2025-02-15T00:00:00.000Z,0,1.911415511131054E-5
2025-02-09T00:00:00.000Z,0,
2025-02-16T00:00:00.000Z,0,1.6185912500077393E-5
2025-03-27T00:00:00.000Z,0,2.9331189414899033E-5
2025-03-26T00:00:00.000Z,0,2.44509461481357E-5
2025-03-21T00:00:00.000Z,0,3.227856217967605E-5
2025-03-22T00:00:00.000Z,0,
2025-03-28T00:00:00.000Z,0,4.11170331062749E-5
2025-03-24T00:00:00.000Z,0,2.8827760615968145E-5
2025-03-23T00:00:00.000Z,0,
2025-03-25T00:00:00.000Z,0,3.339889462949941E-5
2025-11-06T00:00:00.000Z,0,9.354925623483723E-6
2025-11-03T00:00:00.000Z,0,
2025-11-05T00:00:00.000Z,0,
2025-10-31T00:00:00.000Z,0,2.549341479607392E-5
2025-11-02T00:00:00.000Z,0,
2025-11-04T00:00:00.000Z,0,2.1565163478953764E-5
2025-11-07T00:00:00.000Z,0,2.393714529556318E-5
2025-11-01T00:00:00.000Z,0,
2025-12-15T00:00:00.000Z,0,3.2061718502518485E-5
2025-12-10T00:00:00.000Z,0,4.5502641296479854E-5
2025-12-16T00:00:00.000Z,0,
2025-12-17T00:00:00.000Z,0,3.6123901645623845E-5
2025-12-12T00:00:00.000Z,0,3.9680025929555994E-5
2025-12-13T00:00:00.000Z,0,2.743056100011169E-5
2025-12-11T00:00:00.000Z,0,4.5198206635177485E-5
2025-12-14T00:00:00.000Z,0,
2023-10-04T00:00:00.000Z,0,1.0221450111203012E-5
2023-10-09T00:00:00.000Z,0,2.5622678159769358E-5
2023-10-06T00:00:00.000Z,0,2.0892146111643678E-5
2023-10-02T00:00:00.000Z,0,1.8905272827396403E-5
2023-10-07T00:00:00.000Z,0,1.4234600621421123E-5
2023-10-05T00:00:00.000Z,0,2.2797979568167648E-5
2023-10-03T00:00:00.000Z,0,2.9391799146721427E-5
2023-10-08T00:00:00.000Z,0,1.3990489151183283E-5
2023-12-28T00:00:00.000Z,0,
2023-12-22T00:00:00.000Z,0,3.296796686217104E-5
2023-12-25T00:00:00.000Z,0,2.469279570505023E-5
2023-12-21T00:00:00.000Z,0,4.186290789220948E-5
2023-12-27T00:00:00.000Z,0,6.945128006918821E-5
2023-12-23T00:00:00.000Z,0,5.5001386158437526E-5
2023-12-26T00:00:00.000Z,0,4.442013414518442E-5
2023-12-24T00:00:00.000Z,0,3.81982699764194E-5
2024-03-07T00:00:00.000Z,0,
2024-03-08T00:00:00.000Z,0,2.107171567584171E-5
2024-03-04T00:00:00.000Z,0,
2024-03-02T00:00:00.000Z,0,3.111556442389782E-5
2024-03-05T00:00:00.000Z,0,
2024-03-09T00:00:00.000Z,0,
2024-03-06T00:00:00.000Z,0,2.2887861223352957E-5
2024-03-03T00:00:00.000Z,0,3.325045970716299E-5
2024-06-16T00:00:00.000Z,0,1.6816548441056512E-5
2024-06-19T00:00:00.000Z,0,1.7990623678088014E-5
2024-06-15T00:00:00.000Z,0,
2024-06-21T00:00:00.000Z,0,2.6121638393306056E-5
2024-06-17T00:00:00.000Z,0,
2024-06-14T00:00:00.000Z,0,1.0591899808787275E-5
2024-06-20T00:00:00.000Z,0,2.163724332149286E-5
2024-06-18T00:00:00.000Z,0,1.73427623394673E-5
2025-02-05T00:00:00.000Z,0,2.5314227968920022E-5
2025-02-07T00:00:00.000Z,0,
2025-02-01T00:00:00.000Z,0,2.2519367485074325E-5
2025-02-03T00:00:00.000Z,0,2.10812789494715E-5
2025-02-06T00:00:00.000Z,0,1.3843598576625626E-5
2025-02-04T00:00:00.000Z,0,
2025-02-08T00:00:00.000Z,0,2.7946196951234015E-5
2025-02-02T00:00:00.000Z,0,
2025-05-03T00:00:00.000Z,0,
2025-05-07T00:00:00.000Z,0,
2025-04-30T00:00:00.000Z,0,2.924203115778962E-5
2025-05-06T00:00:00.000Z,0,3.5701094020623714E-5
2025-05-02T00:00:00.000Z,0,
2025-05-04T00:00:00.000Z,0,
2025-05-01T00:00:00.000Z,0,3.6791598480097797E-5
2025-05-05T00:00:00.000Z,0,1.0409495795708304E-5
2025-05-12T00:00:00.000Z,0,
2025-05-11T00:00:00.000Z,0,3.5288686376588885E-5
2025-05-10T00:00:00.000Z,0,2.098783617900433E-5
2025-05-15T00:00:00.000Z,0,
2025-05-14T00:00:00.000Z,0,2.4361755852927065E-5
2025-05-13T00:00:00.000Z,0,
2025-05-09T00:00:00.000Z,0,
2025-05-08T00:00:00.000Z,0,
2025-06-18T00:00:00.000Z,0,4.646877613805163E-5
2025-06-20T00:00:00.000Z,0,
2025-06-22T00:00:00.000Z,0,
2025-06-19T00:00:00.000Z,0,
2025-06-24T00:00:00.000Z,0,2.3246468504112273E-5
2025-06-17T00:00:00.000Z,0,1.7058608591469238E-5
2025-06-23T00:00:00.000Z,0,1.2524402336566709E-5
2025-06-21T00:00:00.000Z,0,1.8707916188039537E-5
2025-09-20T00:00:00.000Z,0,1.8265319340571295E-5
2025-09-16T00:00:00.000Z,0,2.8364007448544726E-5
2025-09-18T00:00:00.000Z,0,
2025-09-15T00:00:00.000Z,0,2.2168426039570476E-5
2025-09-14T00:00:00.000Z,0,1.5619906735885117E-5
2025-09-19T00:00:00.000Z,0,
2025-09-13T00:00:00.000Z,0,1.4202020723202553E-5
2025-09-17T00:00:00.000Z,0,
2025-11-10T00:00:00.000Z,0,
2025-11-14T00:00:00.000Z,0,
2025-11-12T00:00:00.000Z,0,
2025-11-08T00:00:00.000Z,0,
2025-11-09T00:00:00.000Z,0,
2025-11-13T00:00:00.000Z,0,
2025-11-11T00:00:00.000Z,0,
2025-11-15T00:00:00.000Z,0,
2024-09-22T00:00:00.000Z,0,1.9311505833944205E-5
2024-09-19T00:00:00.000Z,0,1.1636869312496856E-4
2024-09-25T00:00:00.000Z,0,4.584430189424893E-5
2024-09-18T00:00:00.000Z,0,3.730824670021641E-5
2024-09-21T00:00:00.000Z,0,1.851399312207442E-5
2024-09-24T00:00:00.000Z,0,3.201349924590128E-5
2024-09-23T00:00:00.000Z,0,
2024-09-20T00:00:00.000Z,0,1.8632862715354088E-5
2025-06-06T00:00:00.000Z,0,1.7481405896097912E-5
2025-06-05T00:00:00.000Z,0,2.152389945169691E-5
2025-06-07T00:00:00.000Z,0,
2025-06-02T00:00:00.000Z,0,4.0556903695687654E-5
2025-06-08T00:00:00.000Z,0,2.549060360858372E-5
2025-06-04T00:00:00.000Z,0,1.544407678011339E-5
2025-06-03T00:00:00.000Z,0,2.2256946920151677E-5
2025-06-01T00:00:00.000Z,0,
2025-10-27T00:00:00.000Z,0,
2025-10-23T00:00:00.000Z,0,
2025-10-29T00:00:00.000Z,0,
2025-10-26T00:00:00.000Z,0,4.09951971960254E-5
2025-10-28T00:00:00.000Z,0,2.1518220213086654E-5
2025-10-30T00:00:00.000Z,0,
2025-10-25T00:00:00.000Z,0,
2025-10-24T00:00:00.000Z,0,
2023-11-02T00:00:00.000Z,0,2.74099115623964E-5
2023-11-01T00:00:00.000Z,0,3.143796106996888E-5
2023-10-28T00:00:00.000Z,0,2.78440796440312E-5
2023-10-26T00:00:00.000Z,0,4.594553157451293E-5
2023-10-31T00:00:00.000Z,0,4.1583280108170584E-5
2023-10-27T00:00:00.000Z,0,4.95322083924503E-5
2023-10-29T00:00:00.000Z,0,3.158907829856616E-5
2023-10-30T00:00:00.000Z,0,4.612488399808561E-5
2026-01-17T00:00:00.000Z,0,
2026-01-15T00:00:00.000Z,0,
2026-01-11T00:00:00.000Z,0,
2026-01-14T00:00:00.000Z,0,
2026-01-13T00:00:00.000Z,0,
2026-01-16T00:00:00.000Z,0,
2026-01-18T00:00:00.000Z,0,
2026-01-12T00:00:00.000Z,0,
2024-01-11T00:00:00.000Z,0,2.6712202683980152E-5
2024-01-12T00:00:00.000Z,0,5.050663748988882E-5
2024-01-06T00:00:00.000Z,0,
2024-01-09T00:00:00.000Z,0,3.281000290371594E-5
2024-01-10T00:00:00.000Z,0,2.902026693618609E-5
2024-01-08T00:00:00.000Z,0,1.7716905858833343E-5
2024-01-07T00:00:00.000Z,0,
2024-01-13T00:00:00.000Z,0,3.8430041867185435E-5
2024-04-06T00:00:00.000Z,0,
2024-04-07T00:00:00.000Z,0,3.5731351090362296E-5
2024-04-04T00:00:00.000Z,0,3.647652050631223E-5
2024-04-05T00:00:00.000Z,0,
2024-04-09T00:00:00.000Z,0,2.7711356597137638E-5
2024-04-10T00:00:00.000Z,0,
2024-04-08T00:00:00.000Z,0,
2024-04-03T00:00:00.000Z,0,2.644904801248534E-5
2024-04-22T00:00:00.000Z,0,
2024-04-24T00:00:00.000Z,0,
2024-04-26T00:00:00.000Z,0,1.3121703172406082E-5
2024-04-21T00:00:00.000Z,0,
2024-04-23T00:00:00.000Z,0,
2024-04-20T00:00:00.000Z,0,3.6742832370301973E-6
2024-04-25T00:00:00.000Z,0,
2024-04-19T00:00:00.000Z,0,
2025-06-26T00:00:00.000Z,0,
2025-07-01T00:00:00.000Z,0,1.2162572836871277E-5
2025-06-29T00:00:00.000Z,0,
2025-06-27T00:00:00.000Z,0,9.771893798772777E-6
2025-06-30T00:00:00.000Z,0,9.941927380489634E-6
2025-07-02T00:00:00.000Z,0,2.2577291727227726E-5
2025-06-28T00:00:00.000Z,0,
2025-06-25T00:00:00.000Z,0,
